<?xml version="1.0" encoding="UTF-8"?>
<books>
	<book>
		<title>자바의 정석</title>
		<publisher>스마트 출판사</publisher>
		<author>홍길동</author>
		<price>32000원</price>
	</book>
	<book>
		<title>HTML5와 CSS3</title>
		<publisher>인포북스</publisher>		
		<author>박문수</author>
		<price>20000원</price>
	</book>
	<book>
		<title>HTML5 API의 모든 것</title>
		<publisher>스마트 출판사</publisher>
		<author>윤봉길</author>
		<price>23000원</price>
	</book>
	<book>
		<title>JavaScript And Xml</title>
		<publisher>한빛미디어</publisher>
		<author>김철수</author>
		<price>25000원</price>
	</book>
</books>